Province,Regency/City,Sub-District,Geocoder,Location,Latitude,Longitude
Bali,Kabupaten Buleleng,Banjar,"Banjar, Bali, Indonesia","Banjar, Bali, Indonesia",-8.2050113,114.9671937
Bali,Kabupaten Buleleng,Banyuatis,"Banyuatis, Bali, Indonesia","Banyuatis, Bali, Indonesia",-8.2629358,115.0315254
Bali,Kabupaten Buleleng,Dencarik,"Dencarik, Bali, Indonesia","Dencarik, Bali, Indonesia",-8.1857459,114.9825947
Bali,Kabupaten Buleleng,Gesing,"Gesing, Bali, Indonesia","Gesing, Bali, 81152 BALI, Indonesia",-8.2784338,115.0547504
Bali,Kabupaten Buleleng,Kaliasem,"Kaliasem, Bali, Indonesia","Kaliasem, Bali, 00362, Indonesia",-8.1709929,115.0248204
Bali,Kabupaten Buleleng,Temukus,"Temukus, Bali, Indonesia","Temukus, Bali, 00362, Indonesia",-8.1818071,115.0010287
Bali,Kabupaten Buleleng,Tirtasari,"Tirtasari, Bali, Indonesia","Tirtasari, Bali, 81152, Indonesia",-8.2530191,115.0163126
Bali,Kabupaten Buleleng,Alasangker,"Alasangker, Bali, Indonesia","Alasangker, Bali, Indonesia",-8.1463602,115.1502644
Bali,Kabupaten Buleleng,Astina,"Astina, Bali, Indonesia","Astina, Bali, 81111, Indonesia",-8.1197942,115.0952124
Bali,Kabupaten Buleleng,Banjar Bali,"Banjar Bali, Bali, Indonesia","Banjar Bali, Bali, 81151, Indonesia",-8.1118271,115.0909707
Bali,Kabupaten Buleleng,Banjar Jawa,"Banjar Jawa, Bali, Indonesia","Banjar Jawa, Bali, 81111, Indonesia",-8.1196252,115.092039
Bali,Kabupaten Buleleng,Banjar Tegal,"Banjar Tegal, Bali, Indonesia","Banjar Tegal, Bali, 81111, Indonesia",-8.1314321,115.0916143
Bali,Kabupaten Buleleng,Banyuasri,"Banyuasri, Bali, Indonesia","Banyuasri, Bali, 81116, Indonesia",-8.1191556,115.0763123
Bali,Kabupaten Buleleng,Banyuning,"Banyuning, Bali, Indonesia","Banyuning, Bali, 81111, Indonesia",-8.1171107,115.1079869
Bali,Kabupaten Buleleng,Beratan,"Beratan, Bali, Indonesia","Beratan, Bali, 81111, Indonesia",-8.1331402,115.1035897
Bali,Kabupaten Buleleng,Kaliuntu,"Kaliuntu, Bali, Indonesia","Kaliuntu, Bali, 81116, Indonesia",-8.1160273,115.0819292
Bali,Kabupaten Buleleng,Kampung Baru,"Kampung Baru, Bali, Indonesia","Kampung Baru, Bali, 81114, Indonesia",-8.1040689,115.0950501
Bali,Kabupaten Buleleng,Kampung Bugis,"Kampung Bugis, Bali, Indonesia","Kampung Bugis, Bali, 81113, Indonesia",-8.1041505,115.0866458
Bali,Kabupaten Buleleng,Kampung Kajanan,"Kampung Kajanan, Bali, Indonesia","Kampung Kajanan, Bali, 81151, Indonesia",-8.113211,115.0880025
Bali,Kabupaten Buleleng,Kendran,"Kendran, Bali, Indonesia","Kendran, Bali, 81111, Indonesia",-8.1239766,115.0974614
Bali,Kabupaten Buleleng,Penarukan,"Penarukan, Bali, Indonesia","Penarukan, Bali, 81114, Indonesia",-8.0920809,115.1154625
Bali,Kabupaten Buleleng,Petandakan,"Petandakan, Bali, Indonesia","Petandakan, Bali, 81161, Indonesia",-8.1399661,115.1240855
Bali,Kabupaten Buleleng,Poh Bergong,"Poh Bergong, Bali, Indonesia","Poh Bergong, Bali, Indonesia",-8.1269144,115.1431372
Bali,Kabupaten Buleleng,Sari Mekar,"Sari Mekar, Bali, Indonesia","Mekar Sari Homestay, Jalan Kebun Raya, Bedugul, Bali, 81162, Indonesia",-8.2840783,115.1591174
Bali,Kabupaten Buleleng,Tukadmungga,"Tukadmungga, Bali, Indonesia","Tukadmungga, Bali, 81119, Indonesia",-8.1474665,115.0632694
Bali,Kabupaten Buleleng,Bengkel,"Bengkel, Bali, Indonesia","Bengkel, Bali, 82121, Indonesia",-8.5860357,115.0904144
Bali,Kabupaten Buleleng,Bongancina,"Bongancina, Bali, Indonesia","Bongancina, Bali, Indonesia",-8.3556039,114.9316294
Bali,Kabupaten Buleleng,Busungbiu,"Busungbiu, Bali, Indonesia","Busungbiu, Bali, Indonesia",-8.255363,114.9658343
Bali,Kabupaten Buleleng,Kekeran,"Kekeran, Bali, Indonesia","Kekeran, Bali, Indonesia",-8.2684019,114.9713291
Bali,Kabupaten Buleleng,Pelapuan,"Pelapuan, Bali, Indonesia","Pelapuan, Bali, Indonesia",-8.2667079,114.9910422
Bali,Kabupaten Buleleng,Celukan Bawang,"Celukan Bawang, Bali, Indonesia","Celukan Bawang, Bali, Indonesia",-8.2008586,114.8452961
Bali,Kabupaten Buleleng,Musi,"Musi, Bali, Indonesia","Musi, Bali, Indonesia",-8.1795688,114.7488395
Bali,Kabupaten Buleleng,Pejarakan,"Pejarakan, Bali, Indonesia","Pejarakan, Bali, 81155, Indonesia",-8.1432295,114.5867979
Bali,Kabupaten Buleleng,Pemuteran,"Pemuteran, Bali, Indonesia","Pemuteran, Bali, 81153, Indonesia",-8.1448438,114.6514284
Bali,Kabupaten Buleleng,Sumberkima,"Sumberkima, Bali, Indonesia","Sumberkima, Bali, 81155, Indonesia",-8.1431667,114.6006031
Bali,Kabupaten Buleleng,Tinga Tinga,"Tinga Tinga, Bali, Indonesia","Tinga Tinga, Bali, Indonesia",-8.200111,114.8350393
Bali,Kabupaten Buleleng,Bukti,"Bukti, Bali, Indonesia","Bukti, Bali, 81172, Indonesia",-8.0835402,115.2274128
Bali,Kabupaten Buleleng,Depeha,"Depeha, Bali, Indonesia","Depeha, Bali, 81172, Indonesia",-8.1255953,115.2418576
Bali,Kabupaten Buleleng,Tajun,"Tajun, Bali, Indonesia","Tajun, Bali, Indonesia",-8.1412951,115.2483464
Bali,Kabupaten Buleleng,Tamblang,"Tamblang, Bali, Indonesia","Tamblang, Bali, 81172, Indonesia",-8.135398,115.226357
Bali,Kabupaten Buleleng,Giri Emas,"Giri Emas, Bali, Indonesia","Giri Emas, Bali, Indonesia",-8.0846116,115.1488544
Bali,Kabupaten Buleleng,Jagaraga,"Jagaraga, Bali, Indonesia","Jagaraga, Bali, 81172, Indonesia",-8.1241182,115.1758583
Bali,Kabupaten Buleleng,Kerobokan,"Kerobokan, Bali, Indonesia","Kerobokan, Bali, 81114, Indonesia",-8.0939004,115.1271344
Bali,Kabupaten Buleleng,Lemukih,"Lemukih, Bali, Indonesia","Lemukih, Bali, Indonesia",-8.1910529,115.1875157
Bali,Kabupaten Buleleng,Menyali,"Menyali, Bali, Indonesia","Menyali, Bali, Indonesia",-8.1467147,115.1820934
Bali,Kabupaten Buleleng,Sangsit,"Sangsit, Bali, Indonesia","Sangsit, Bali, Indonesia",-8.1160774,115.1618176
Bali,Kabupaten Buleleng,Sinabun,"Sinabun, Bali, Indonesia","Sinabun, Bali, Indonesia",-8.131338,115.1579544
Bali,Kabupaten Buleleng,Gunungsari,"Gunungsari, Bali, Indonesia","Gunungsari, Bali, 82152, Indonesia",-8.3616093,115.1331916
Bali,Kabupaten Buleleng,Joanyar,"Joanyar, Bali, Indonesia","Joanyar, Bali, Indonesia",-8.2006483,114.9535522
Bali,Kabupaten Buleleng,Kalisada,"Kalisada, Bali, Indonesia","Kalisada, Bali, Indonesia",-8.197577,114.8887967
Bali,Kabupaten Buleleng,Rangdu,"Rangdu, Bali, Indonesia","Rangdu, Bali, Indonesia",-8.2129428,114.9389594
Bali,Kabupaten Buleleng,Seririt,"Seririt, Bali, Indonesia","Seririt, Bali, Indonesia",-8.193144,114.9342652
Bali,Kabupaten Buleleng,Sulanyah,"Sulanyah, Bali, Indonesia","Sulanyah, Bali, Indonesia",-8.1967829,114.9437675
Bali,Kabupaten Buleleng,Pancasari,"Pancasari, Bali, Indonesia","Pancasari, Monkey Street, Wana Giri, Bali, 81162, Indonesia",-8.2507591,115.1524202
Bali,Kabupaten Buleleng,Selat,"Selat, Bali, Indonesia","Selat, Bali, Indonesia",-8.4356426,115.4754816
Bali,Kabupaten Buleleng,Bondalem,"Bondalem, Bali, Indonesia","Bondalem, Bali, 81173, Indonesia",-8.116913,115.3133619
Bali,Kabupaten Buleleng,Madenan,"Madenan, Bali, Indonesia","Madenan, Bali, 81173, Indonesia",-8.1485874,115.3070712
Bali,Kabupaten Buleleng,Pacung,"Pacung, Bali, Indonesia","Pacung, Bali, Indonesia",-8.1098925,115.292822
Bali,Kabupaten Buleleng,Penuktukan,"Penuktukan, Bali, Indonesia","Penuktukan, Bali, 81173, Indonesia",-8.1418918,115.3858968
Bali,Kabupaten Buleleng,Sambirenteng,"Sambirenteng, Bali, Indonesia","Sambirenteng, Bali, Indonesia",-8.1452225,115.3974582
Bali,Kota Denpasar,Dauh Puri,"Dauh Puri, Bali, Indonesia","Dauh Puri, Denpasar Barat, Denpasar, Bali, Indonesia",-8.6659464,115.21695525653959
Bali,Kota Denpasar,Dauh Puri Kangin,"Dauh Puri Kangin, Bali, Indonesia","Dauh Puri Kangin, Denpasar Barat, Denpasar, Bali, Indonesia",-8.65845775,115.21570834497828
Bali,Kota Denpasar,Dauh Puri Kauh,"Dauh Puri Kauh, Bali, Indonesia","Dauh Puri Kauh, Denpasar, Bali, 80111, Indonesia",-8.6791849,115.2025966
Bali,Kota Denpasar,Dauh Puri Klod/Kelod,"Dauh Puri Klod/Kelod, Bali, Indonesia","SD Negeri 9/24 Dauh Puri, Jalan Serma Made Pil, Dauh Puri Kelod, Denpasar Barat, Denpasar, Bali, 80210, Indonesia",-8.6752501,115.21692083214637
Bali,Kota Denpasar,Padangsambian,"Padangsambian, Bali, Indonesia","Padangsambian, Denpasar, Bali, 80117, Indonesia",-8.6551368,115.1873253
Bali,Kota Denpasar,Padangsambian Klod/Kelod,"Padangsambian Klod/Kelod, Bali, Indonesia","Gereja Sidang Jemaat Allah di Indonesia, 10B, Jalan Teuku Umar Barat, Pemecutan Kelod, Denpasar Barat, Denpasar, Bali, 80119, Indonesia",-8.6819367,115.1922233
Bali,Kota Denpasar,Pemecutan,"Pemecutan, Bali, Indonesia","Pemecutan, Denpasar Barat, Denpasar, Bali, 80118, Indonesia",-8.6580128,115.20633024914844
Bali,Kota Denpasar,Pemecutan Klod/Kelod,"Pemecutan Klod/Kelod, Bali, Indonesia","Gang Mirah Pemecutan 1, Pemecutan Kelod, Denpasar Barat, Denpasar, Bali, 80113, Indonesia",-8.6679563,115.2033598
Bali,Kota Denpasar,Tegal Harum,"Tegal Harum, Bali, Indonesia","Tegal Harum, Denpasar Barat, Denpasar, Bali, Indonesia",-8.667328000000001,115.19541683634995
Bali,Kota Denpasar,Tegal Kertha,"Tegal Kertha, Bali, Indonesia","Tegal Kertha, Denpasar Barat, Denpasar, Bali, Indonesia",-8.6580128,115.19673479272666
Bali,Kota Denpasar,Panjer,"Panjer, Bali, Indonesia","Panjer, Denpasar, Bali, 80225, Indonesia",-8.6850181,115.2285516
Bali,Kota Denpasar,Pedungan,"Pedungan, Bali, Indonesia","Pedungan, Denpasar, Bali, 80222, Indonesia",-8.7123123,115.2134293
Bali,Kota Denpasar,Pemogan,"Pemogan, Bali, Indonesia","Pemogan, Denpasar, Bali, 80221, Indonesia",-8.7132661,115.1972718
Bali,Kota Denpasar,Renon,"Renon, Bali, Indonesia","Renon, Denpasar, Bali, 80224, Indonesia",-8.6867582,115.241215
Bali,Kota Denpasar,Sanur,"Sanur, Bali, Indonesia","Sanur, Jalan Bajang Sari, Sanur, Denpasar Selatan, Denpasar, Bali, 8022, Indonesia",-8.6831728,115.2564626
Bali,Kota Denpasar,Sanur Kaja,"Sanur Kaja, Bali, Indonesia","Sanur Kaja, Denpasar, Bali, 80030, Indonesia",-8.6731387,115.2552042
Bali,Kota Denpasar,Sanur Kauh,"Sanur Kauh, Bali, Indonesia","Sanur Kauh, Denpasar, Bali, 80227, Indonesia",-8.7006429,115.2509369
Bali,Kota Denpasar,Sesetan,"Sesetan, Bali, Indonesia","Sesetan, Denpasar, Bali, 80223, Indonesia",-8.7070613,115.22279
Bali,Kota Denpasar,Sidakarya,"Sidakarya, Bali, Indonesia","Sidakarya, Denpasar, Bali, 80224, Indonesia",-8.7063221,115.2348154
Bali,Kota Denpasar,Dangin Puri,"Dangin Puri, Bali, Indonesia","Dangin Puri, Denpasar, Bali, 80232, Indonesia",-8.6576934,115.2213049
Bali,Kota Denpasar,Dangin Puri Klod,"Dangin Puri Klod, Bali, Indonesia","Dangin Puri Klod, Denpasar, Bali, 80210, Indonesia",-8.6675003,115.2240004
Bali,Kota Denpasar,Kesiman Kertalangu,"Kesiman Kertalangu, Bali, Indonesia","Kesiman Kertalangu, Denpasar, Bali, 80035, Indonesia",-8.645412,115.2590183
Bali,Kota Denpasar,Kesiman Petilan,"Kesiman Petilan, Bali, Indonesia","Kesiman Petilan, Denpasar, Bali, 80237, Indonesia",-8.659003,115.2550663
Bali,Kota Denpasar,Penatih,"Penatih, Bali, Indonesia","Penatih, Denpasar, Bali, 80238, Indonesia",-8.6206785,115.2366523
Bali,Kota Denpasar,Penatih Dangin Puri,"Penatih Dangin Puri, Bali, Indonesia","Penatih Dangin Puri, Denpasar, Bali, 80238, Indonesia",-8.6232685,115.2479224
Bali,Kota Denpasar,Sumerta,"Sumerta, Bali, Indonesia","Sumerta, Denpasar, Bali, 80233, Indonesia",-8.6509299,115.2361603
Bali,Kota Denpasar,Sumerta Kaja,"Sumerta Kaja, Bali, Indonesia","Sumerta Kaja, Denpasar, Bali, 80233, Indonesia",-8.6472517,115.2298754
Bali,Kota Denpasar,Sumerta Kauh,"Sumerta Kauh, Bali, Indonesia","Sumerta Kauh, Denpasar, Bali, 80236, Indonesia",-8.6547604,115.2279521
Bali,Kota Denpasar,Sumerta Kelod/Klod,"Sumerta Kelod/Klod, Bali, Indonesia","Jalan SD Negeri 9 Sumerta, Sumerta Kelod, Denpasar Timur, Denpasar, Bali, 80239, Indonesia",-8.6581295,115.2337504
Bali,Kota Denpasar,Dangin Puri Kaja,"Dangin Puri Kaja, Bali, Indonesia","Dangin Puri Kaja, Denpasar, Bali, 80233, Indonesia",-8.6436574,115.2191619
Bali,Kota Denpasar,Dangin Puri Kangin,"Dangin Puri Kangin, Bali, Indonesia","Dangin Puri Kangin, Denpasar, Bali, 80236, Indonesia",-8.6505584,115.2243257
Bali,Kota Denpasar,Dangin Puri Kauh,"Dangin Puri Kauh, Bali, Indonesia","Dangin Puri Kauh, Denpasar, Bali, 80232, Indonesia",-8.6520185,115.2165964
Bali,Kota Denpasar,Dauh Puri Kaja,"Dauh Puri Kaja, Bali, Indonesia","Dauh Puri Kaja, Denpasar, Bali, 80118, Indonesia",-8.6429107,115.2135472
Bali,Kota Denpasar,Peguyangan,"Peguyangan, Bali, Indonesia","Peguyangan, Denpasar, Bali, 80115, Indonesia",-8.6229937,115.2132238
Bali,Kota Denpasar,Pemecutan Kaja,"Pemecutan Kaja, Bali, Indonesia","Pemecutan Kaja, Denpasar, Bali, 80116, Indonesia",-8.6448904,115.2017835
Bali,Kota Denpasar,Tonja,"Tonja, Bali, Indonesia","Tonja, Denpasar, Bali, 80115, Indonesia",-8.6316699,115.2260654
Bali,Kota Denpasar,Ubung,"Ubung, Bali, Indonesia","Ubung, Denpasar, Bali, 80116, Indonesia",-8.6322168,115.1996021
Bali,Kota Denpasar,Ubung Kaja,"Ubung Kaja, Bali, Indonesia","Ubung Kaja, Denpasar, Bali, 80116, Indonesia",-8.6203042,115.1983593
Bali,Kabupaten Badung,Angantaka,"Angantaka, Bali, Indonesia","Angantaka, Bali, 80238, Indonesia",-8.5827046,115.2422415
Bali,Kabupaten Badung,Ayunan,"Ayunan, Bali, Indonesia","Ayunan, Bali, 80352, Indonesia",-8.5012648,115.1987441
Bali,Kabupaten Badung,Blahkiuh,"Blahkiuh, Bali, Indonesia","Blahkiuh, Bali, 80352, Indonesia",-8.5108148,115.2098933
Bali,Kabupaten Badung,Darmasaba,"Darmasaba, Bali, Indonesia","Darmasaba, Bali, 80238, Indonesia",-8.5865855,115.2073776
Bali,Kabupaten Badung,Mambal,"Mambal, Bali, Indonesia","Mambal, Bali, 80352, Indonesia",-8.5427937,115.221436
Bali,Kabupaten Badung,Sangeh,"Sangeh, Bali, Indonesia","Sangeh, Bali, 80352, Indonesia",-8.4856044,115.2095944
Bali,Kabupaten Badung,Sibang Gede,"Sibang Gede, Bali, Indonesia","Sibang Gede, Bali, 80238, Indonesia",-8.5792095,115.2231177
Bali,Kabupaten Badung,Sibang Kaja,"Sibang Kaja, Bali, Indonesia","Sibang Kaja, Bali, Indonesia",-8.5655134,115.216988
Bali,Kabupaten Badung,Kedonganan,"Kedonganan, Bali, Indonesia","Kedonganan, Kuta, Bali, Indonesia",-8.7620233,115.1754182
Bali,Kabupaten Badung,Kuta,"Kuta, Bali, Indonesia","Kuta, Bali, Indonesia",-8.7278354,115.1730049
Bali,Kabupaten Badung,Legian,"Legian, Bali, Indonesia","Legian, Kuta, Bali, 80612, Indonesia",-8.703338,115.1688432
Bali,Kabupaten Badung,Seminyak,"Seminyak, Bali, Indonesia","Seminyak, Kuta, Bali, Indonesia",-8.6908357,115.1641975
Bali,Kabupaten Badung,Tuban,"Tuban, Bali, Indonesia","Tuban, Kuta, Bali, JALAN BHINEKA JATI JAYA XI, Indonesia",-8.7353192,115.1760241
Bali,Kabupaten Badung,Benoa,"Benoa, Bali, Indonesia","Benoa, Kuta Selatan, Bali, Indonesia",-8.8007914,115.2105452
Bali,Kabupaten Badung,Jimbaran,"Jimbaran, Bali, Indonesia","Jimbaran, Kuta Selatan, Bali, Indonesia",-8.7724902,115.1723944
Bali,Kabupaten Badung,Pecatu,"Pecatu, Bali, Indonesia","Pecatu, Kuta Selatan, Bali, Indonesia",-8.8266671,115.1149608
Bali,Kabupaten Badung,Tanjung Benoa,"Tanjung Benoa, Bali, Indonesia","Tanjung Benoa, Benoa, Kuta Selatan, Bali, Indonesia",-8.76573985,115.22325623337838
Bali,Kabupaten Badung,Ungasan,"Ungasan, Bali, Indonesia","Ungasan, Kuta Selatan, Bali, Indonesia",-8.8286667,115.1654257781247
Bali,Kabupaten Badung,Canggu,"Canggu, Bali, Indonesia","Canggu, Bali, 08456, Indonesia",-8.650618,115.1364993
Bali,Kabupaten Badung,Dalung,"Dalung, Bali, Indonesia","Dalung, Bali, 0000, Indonesia",-8.6188557,115.1704677
Bali,Kabupaten Badung,Kerobokan Kaja,"Kerobokan Kaja, Bali, Indonesia","Kerobokan Kaja, Bali, 80116, Indonesia",-8.6399162,115.1746557
Bali,Kabupaten Badung,Kerobokan Kelod,"Kerobokan Kelod, Bali, Indonesia","Ticket to the Moon, Jalan Tangkuban Perahu, Padangsambian Kelod, Denpasar Barat, Denpasar, Bali, 08361, Indonesia",-8.6726172,115.171246
Bali,Kabupaten Badung,Tibubeneng,"Tibubeneng, Bali, Indonesia","Tibubeneng, Bali, 80351, Indonesia",-8.6451772,115.1519964
Bali,Kabupaten Badung,Abianbase,"Abianbase, Bali, Indonesia","Abianbase, Bali, 0000, Indonesia",-8.5928313,115.1709295
Bali,Kabupaten Badung,Buduk,"Buduk, Bali, Indonesia","Buduk, Bali, 000, Indonesia",-8.6062806,115.1576301
Bali,Kabupaten Badung,Kapal,"Kapal, Bali, Indonesia","Kapal, Bali, 0000, Indonesia",-8.5730561,115.1844339
Bali,Kabupaten Badung,Kuwum,"Kuwum, Bali, Indonesia","Kuwum, Bali, Indonesia",-8.4551225,115.1872782
Bali,Kabupaten Badung,Lukluk,"Lukluk, Bali, Indonesia","Lukluk, Bali, 0000, Indonesia",-8.5852645,115.1897619
Bali,Kabupaten Badung,Mengwi,"Mengwi, Bali, Indonesia","Mengwi, Bali, 08351, Indonesia",-8.5466268,115.1664989
Bali,Kabupaten Badung,Mengwitani,"Mengwitani, Bali, Indonesia","Mengwitani, Bali, 0000, Indonesia",-8.5638052,115.1689411
Bali,Kabupaten Badung,Munggu,"Munggu, Bali, Indonesia","Park Munggu, Denpasar, Bali, 80351, Indonesia",-8.61357955,115.13065993254838
Bali,Kabupaten Badung,Pererenan,"Pererenan, Bali, Indonesia","Pererenan, Bali, 80351, Indonesia",-8.6414888,115.1274881
Bali,Kabupaten Badung,Sading,"Sading, Bali, Indonesia","Sading, Bali, 0000, Indonesia",-8.5983942,115.1971151
Bali,Kabupaten Badung,Sempidi,"Sempidi, Bali, Indonesia","Sempidi, Bali, 0000, Indonesia",-8.6045718,115.1846817
Bali,Kabupaten Badung,Tumbak Bayuh,"Tumbak Bayuh, Bali, Indonesia","Tumbak Bayuh, Bali, 000, Indonesia",-8.6202188,115.1425058
Bali,Kabupaten Badung,Carangsari,"Carangsari, Bali, Indonesia","Carangsari, Bali, Indonesia",-8.4462943,115.2206484
Bali,Kabupaten Badung,Petang,"Petang, Bali, Indonesia","Petang, Bali, Indonesia",-8.3959651,115.2186388
Bali,Kabupaten Bangli,Bebalang,"Bebalang, Bali, Indonesia","Bebalang, Bali, 80613, Indonesia",-8.4677846,115.3574999
Bali,Kabupaten Bangli,Bunutin,"Bunutin, Bali, Indonesia","Bunutin, Bali, Indonesia",-8.3003593,115.2629972
Bali,Kabupaten Bangli,Kawan,"Kawan, Bali, Indonesia","Kawan, Bali, 80613, Indonesia",-8.4551669,115.3537106
Bali,Kabupaten Bangli,Kayubihi,"Kayubihi, Bali, Indonesia","Kayubihi, Bali, Indonesia",-8.3750704,115.3702144
Bali,Kabupaten Bangli,Kubu,"Kubu, Bali, Indonesia","Kubu, Bali, 80853, Indonesia",-8.2538999,115.5705893
Bali,Kabupaten Bangli,Pengotan,"Pengotan, Bali, Indonesia","Pengotan, Bali, Indonesia",-8.3265583,115.3631124
Bali,Kabupaten Bangli,Banua,"Banua, Bali, Indonesia","Banua, Bali, Indonesia",-8.3237967,115.2952572
Bali,Kabupaten Bangli,Batur Selatan,"Batur Selatan, Bali, Indonesia","Jalan Batur Sari, Sanur Kauh, Denpasar Selatan, Denpasar, Bali, 80228, Indonesia",-8.6914037,115.2528911
Bali,Kabupaten Bangli,Batur Utara,"Batur Utara, Bali, Indonesia","Batur Utara, Bali, Indonesia",-8.2551503,115.3333524
Bali,Kabupaten Bangli,Belancan,"Belancan, Bali, Indonesia","Belancan, Bali, Indonesia",-8.2808005,115.3075516
Bali,Kabupaten Bangli,Belanga,"Belanga, Bali, Indonesia","Belanga, Bali, Indonesia",-8.251468,115.2683401
Bali,Kabupaten Bangli,Catur,"Catur, Bali, Indonesia","Catur, Bali, Indonesia",-8.226457,115.2495036
Bali,Kabupaten Bangli,Kintamani,"Kintamani, Bali, Indonesia","Kintamani, Bali, Indonesia",-8.2505623,115.3330086
Bali,Kabupaten Bangli,Mengani,"Mengani, Bali, Indonesia","Mengani, Bali, Indonesia",-8.2883417,115.2551278
Bali,Kabupaten Bangli,Satra,"Satra, Bali, Indonesia","Satra, Bali, Indonesia",-8.1771568,115.2761629
Bali,Kabupaten Bangli,Sekaan,"Sekaan, Bali, Indonesia","Sekaan, Bali, Indonesia",-8.3285735,115.3262907
Bali,Kabupaten Bangli,Songan A,"Songan A, Bali, Indonesia","Songan A, Bali, Indonesia",-8.2283607,115.407855
Bali,Kabupaten Bangli,Terunyan,"Terunyan, Bali, Indonesia","Bukit Terunyan, hiking trail, Abang Songan, Bali, Indonesia",-8.2492955,115.4291374
Bali,Kabupaten Bangli,Penglumbaran,"Penglumbaran, Bali, Indonesia","Penglumbaran, Bali, Indonesia",-8.3667952,115.3442862
Bali,Kabupaten Bangli,Sulahan,"Sulahan, Bali, Indonesia","Sulahan, Bali, 80613, Indonesia",-8.4189957,115.3447014
Bali,Kabupaten Bangli,Susut,"Susut, Bali, Indonesia","Susut, Bali, 80572, Indonesia",-8.4115786,115.2370347
Bali,Kabupaten Bangli,Bangbang,"Bangbang, Bali, Indonesia","Bangbang, Bali, 80864, Indonesia",-8.4470738,115.404179
Bali,Kabupaten Bangli,Tembuku,"Tembuku, Bali, Indonesia","Tembuku, Bali, 80613, Indonesia",-8.4538392,115.3891494
Bali,Kabupaten Tabanan,Bangli,"Bangli, Bali, Indonesia","Bangli, Bali, 80613, Indonesia",-8.4603116,115.3535198
Bali,Kabupaten Gianyar,Bedulu,"Bedulu, Bali, Indonesia","Bedulu, Bali, 80581, Indonesia",-8.52695,115.2959285
Bali,Kabupaten Gianyar,Blahbatuh,"Blahbatuh, Bali, Indonesia","Blahbatuh, Bali, 80752, Indonesia",-8.561161,115.2994536
Bali,Kabupaten Gianyar,Bona,"Bona, Bali, Indonesia","Bona, Bali, 80752, Indonesia",-8.5580793,115.3156762
Bali,Kabupaten Gianyar,Buruan,"Buruan, Bali, Indonesia","Buruan, Bali, 80752, Indonesia",-8.5442925,115.3020716
Bali,Kabupaten Gianyar,Beng,"Beng, Bali, Indonesia","Beng, Bali, 80581, Indonesia",-8.5299467,115.3273552
Bali,Kabupaten Gianyar,Bitera,"Bitera, Bali, Indonesia","Bitera, Bali, 80581, Indonesia",-8.5369799,115.3147004
Bali,Kabupaten Gianyar,Gianyar,"Gianyar, Bali, Indonesia","Gianyar, Bali, Indonesia",-8.5482357,115.32605401537212
Bali,Kabupaten Gianyar,Petak,"Petak, Bali, Indonesia","Petak, Bali, 80552, Indonesia",-8.4887856,115.3210309
Bali,Kabupaten Gianyar,Samplangan,"Samplangan, Bali, Indonesia","Samplangan, Bali, 80614, Indonesia",-8.5353488,115.3390449
Bali,Kabupaten Gianyar,Serongga,"Serongga, Bali, Indonesia","Serongga, Bali, 80716, Indonesia",-8.5648323,115.3354767
Bali,Kabupaten Gianyar,Sidan,"Sidan, Bali, Indonesia","Sidan, Bali, 80614, Indonesia",-8.5282283,115.351467
Bali,Kabupaten Gianyar,Tegal Tugu,"Tegal Tugu, Bali, Indonesia","Tegal Tugu, Bali, 80716, Indonesia",-8.5538617,115.3409956
Bali,Kabupaten Gianyar,Tulikup,"Tulikup, Bali, Indonesia","Tulikup, Bali, 80716, Indonesia",-8.5594,115.3618753
Bali,Kabupaten Gianyar,Bukian,"Bukian, Bali, Indonesia","Bukian, Bali, 80572, Indonesia",-8.4063809,115.2660485
Bali,Kabupaten Gianyar,Kelusa,"Kelusa, Bali, Indonesia","Kelusa, Bali, 80561, Indonesia",-8.4417379,115.2622154
Bali,Kabupaten Gianyar,Kerta,"Kerta, Bali, Indonesia","Kerta, Bali, 80572, Indonesia",-8.3366511,115.2870536
Bali,Kabupaten Gianyar,Melinggih,"Melinggih, Bali, Indonesia","Melinggih, Bali, 80561, Indonesia",-8.430653,115.2434553
Bali,Kabupaten Gianyar,Melinggih Kelod,"Melinggih Kelod, Bali, Indonesia","Melinggih Kelod, Bali, 80561, Indonesia",-8.4481436,115.2414915
Bali,Kabupaten Gianyar,Puhu,"Puhu, Bali, Indonesia","Puhu, Bali, 80572, Indonesia",-8.3864735,115.2705743
Bali,Kabupaten Gianyar,Batuan,"Batuan, Bali, Indonesia","Batuan, Bali, 80582, Indonesia",-8.5835837,115.2765404
Bali,Kabupaten Gianyar,Batuan Kaler,"Batuan Kaler, Bali, Indonesia","Batuan Kaler, Bali, 80582, Indonesia",-8.5690248,115.2756718
Bali,Kabupaten Gianyar,Batubulan,"Batubulan, Bali, Indonesia","Batubulan, Bali, 80513, Indonesia",-8.6217995,115.2596751
Bali,Kabupaten Gianyar,Batubulan Kangin,"Batubulan Kangin, Bali, Indonesia","Batubulan Kangin, Bali, 80513, Indonesia",-8.6173059,115.272964
Bali,Kabupaten Gianyar,Celuk,"Celuk, Bali, Indonesia","Celuk, Bali, 80511, Indonesia",-8.6003298,115.270064
Bali,Kabupaten Gianyar,Guwang,"Guwang, Bali, Indonesia","Guwang, Bali, 80511, Indonesia",-8.6123342,115.2853367
Bali,Kabupaten Gianyar,Kemenuh,"Kemenuh, Bali, Indonesia","Kemenuh, Bali, 80752, Indonesia",-8.5588759,115.2869006
Bali,Kabupaten Gianyar,Ketewel,"Ketewel, Bali, Indonesia","Ketewel, Bali, 80513, Indonesia",-8.6280893,115.2853775
Bali,Kabupaten Gianyar,Singapadu,"Singapadu, Bali, Indonesia","Singapadu, Bali, 80238, Indonesia",-8.5944644,115.2559384
Bali,Kabupaten Gianyar,Singapadu Kaler,"Singapadu Kaler, Bali, Indonesia","Singapadu Kaler, Bali, 80751, Indonesia",-8.5552054,115.2476861
Bali,Kabupaten Gianyar,Singapadu Tengah,"Singapadu Tengah, Bali, Indonesia","Singapadu Tengah, Bali, 80582, Indonesia",-8.5796806,115.2569187
Bali,Kabupaten Gianyar,Sukawati,"Sukawati, Bali, Indonesia","Sukawati, Bali, 80511, Indonesia",-8.5961547,115.2820391
Bali,Kabupaten Gianyar,Pejeng,"Pejeng, Bali, Indonesia","Pejeng, Bali, Indonesia",-8.5129298,115.2927742267307
Bali,Kabupaten Gianyar,Pejeng Kaja,"Pejeng Kaja, Bali, Indonesia","Pejeng Kaja, Bali, 80552, Indonesia",-8.478233,115.2930024
Bali,Kabupaten Gianyar,Tampaksiring,"Tampaksiring, Bali, Indonesia","Traditional Market of Tampaksiring, Jalan Bayu Brata, Tampak Siring, Bali, 80661, Indonesia",-8.4299855,115.3077175
Bali,Kabupaten Gianyar,Keliki,"Keliki, Bali, Indonesia","Keliki, Bali, 80561, Indonesia",-8.4450886,115.264675
Bali,Kabupaten Gianyar,Pupuan,"Pupuan, Bali, Indonesia","Pupuan, Bali, Indonesia",-8.3173707,115.0076504
Bali,Kabupaten Gianyar,Sebatu,"Sebatu, Bali, Indonesia","Sebatu, Bali, 80572, Indonesia",-8.4023814,115.2956346
Bali,Kabupaten Gianyar,Taro,"Taro, Bali, Indonesia","Taro, Bali, 80572, Indonesia",-8.3862137,115.2800168
Bali,Kabupaten Gianyar,Tegallalang,"Tegallalang, Bali, Indonesia","Tegallalang, Bali, 80561, Indonesia",-8.4485743,115.2797296
Bali,Kabupaten Gianyar,Kedewatan,"Kedewatan, Bali, Indonesia","Kedewatan, Ubud, Bali, 80571, Indonesia",-8.4847863,115.2458272
Bali,Kabupaten Gianyar,Lodtunduh,"Lodtunduh, Bali, Indonesia","Lodtunduh, Ubud, Bali, 80571, Indonesia",-8.5521642,115.2608298
Bali,Kabupaten Gianyar,Mas,"Mas, Bali, Indonesia","Mas, Ubud, Bali, 80571, Indonesia",-8.5450345,115.2731894
Bali,Kabupaten Gianyar,Peliatan,"Peliatan, Bali, Indonesia","Peliatan, Ubud, Bali, 80571, Indonesia",-8.5188653,115.2691993
Bali,Kabupaten Gianyar,Petulu,"Petulu, Bali, Indonesia","Petulu, Ubud, Bali, 80571, Indonesia",-8.477163,115.2764074
Bali,Kabupaten Gianyar,Sayan,"Sayan, Bali, Indonesia","Sayan, Ubud, Bali, 80571, Indonesia",-8.5128336,115.240697
Bali,Kabupaten Gianyar,Ubud,"Ubud, Bali, Indonesia","Ubud, Bali, 80571, Indonesia",-8.5068977,115.2622931
Bali,Kabupaten Jembrana,Dauhwaru,"Dauhwaru, Bali, Indonesia","Dauhwaru, Bali, 82251, Indonesia",-8.3604835,114.6394857
Bali,Kabupaten Jembrana,Perancak,"Perancak, Bali, Indonesia","Tunjung Sari, Perancak, Bali, 82218, Indonesia",-8.4028712,114.6068333
Bali,Kabupaten Jembrana,Gilimanuk,"Gilimanuk, Bali, Indonesia","Gilimanuk, Bali, 82253, Indonesia",-8.1707675,114.4361568
Bali,Kabupaten Jembrana,Nusa Sari,"Nusa Sari, Bali, Indonesia","Nusa Sari, Bali, Indonesia",-8.2740999,114.5010875
Bali,Kabupaten Jembrana,Tuwed,"Tuwed, Bali, Indonesia","Tuwed, Bali, Indonesia",-8.3161211,114.5279885
Bali,Kabupaten Jembrana,Banjar Tengah,"Banjar Tengah, Bali, Indonesia","Banjar Tengah, Bali, 82218, Indonesia",-8.3662652,114.6006702
Bali,Kabupaten Jembrana,Cupel,"Cupel, Bali, Indonesia","Cupel, Bali, Indonesia",-8.3685245,114.5619924
Bali,Kabupaten Jembrana,Tegal Badeng Timur,"Tegal Badeng Timur, Bali, Indonesia","Tegal Badeng Timur, Bali, 82218, Indonesia",-8.3743134,114.5850082
Bali,Kabupaten Jembrana,Gumbrih,"Gumbrih, Bali, Indonesia","Gumbrih, Bali, Indonesia",-8.4421632,114.877731
Bali,Kabupaten Jembrana,Pekutatan,"Pekutatan, Bali, Indonesia","Pekutatan, Bali, Indonesia",-8.4182256,114.8212507
Bali,Kabupaten Karangasem,Ababi,"Ababi, Bali, Indonesia","Ababi, Bali, Indonesia",-8.4031209,115.5862094
Bali,Kabupaten Karangasem,Abang,"Abang, Bali, Indonesia","Abang, Bali, Indonesia",-8.3858748,115.6021404
Bali,Kabupaten Karangasem,Bunutan,"Bunutan, Bali, Indonesia","Bunutan, Bali, 80852, Indonesia",-8.3456664,115.6742811
Bali,Kabupaten Karangasem,Culik,"Culik, Bali, Indonesia","Culik, Bali, 805, Indonesia",-8.343624,115.6147646
Bali,Kabupaten Karangasem,Kesimpar,"Kesimpar, Bali, Indonesia","Kesimpar, Bali, Indonesia",-8.3838777,115.590802
Bali,Kabupaten Karangasem,Pidpid,"Pidpid, Bali, Indonesia","Pidpid, Bali, Indonesia",-8.3966703,115.5767615
Bali,Kabupaten Karangasem,Tri Buana,"Tri Buana, Bali, Indonesia","Tri Buana, Bali, Indonesia",-8.3847597,115.6040778
Bali,Kabupaten Karangasem,Bebandem,"Bebandem, Bali, Indonesia","Bebandem, Bali, Indonesia",-8.4404253,115.5607416
Bali,Kabupaten Karangasem,Bungaya (Bungaya Kauh),"Bungaya (Bungaya Kauh), Bali, Indonesia","Bungaya Kauh, Bali, 80871, Indonesia",-8.4618116,115.5676318
Bali,Kabupaten Karangasem,Macang,"Macang, Bali, Indonesia","Macang, Bali, 80862, Indonesia",-8.4469612,115.5269642
Bali,Kabupaten Karangasem,Sibetan,"Sibetan, Bali, Indonesia","Sibetan, Bali, Indonesia",-8.4434273,115.5394173
Bali,Kabupaten Karangasem,Bugbug,"Bugbug, Bali, Indonesia","Bugbug, Bali, 80871, Indonesia",-8.4896691,115.5940461
Bali,Kabupaten Karangasem,Karangasem,"Karangasem, Bali, Indonesia","Amlapura, Bali, 80311, Indonesia",-8.4464252,115.6135572
Bali,Kabupaten Karangasem,Padang Kerta,"Padang Kerta, Bali, Indonesia","Padang Kerta, Bali, 80311, Indonesia",-8.4432525,115.5898577
Bali,Kabupaten Karangasem,Seraya Barat,"Seraya Barat, Bali, Indonesia","Seraya Barat, Bali, 80311, Indonesia",-8.4620471,115.6306538
Bali,Kabupaten Karangasem,Seraya Timur,"Seraya Timur, Bali, Indonesia","Bank BPD Bali, Jalan Pejanggik, Lingk. Pajang Barat, Kel. Pejanggik, Kota Mataram, Kec. Selaparang, Nusa Tenggara Barat, 83121, Indonesia",-8.5844195,116.1161075
Bali,Kabupaten Karangasem,Subagan,"Subagan, Bali, Indonesia","Perum Wahyu Subagan, Amlapura, Bali, Indonesia",-8.4608421,115.60186329299815
Bali,Kabupaten Karangasem,Ban,"Ban, Bali, Indonesia","Ban, Bali, Indonesia",-8.2466031,115.4951728
Bali,Kabupaten Karangasem,Dukuh,"Dukuh, Bali, Indonesia","Dukuh, Kenderan, Bali, 80561, Indonesia",-8.4626946,115.2798067
Bali,Kabupaten Karangasem,Tulamben,"Tulamben, Bali, Indonesia","Tulamben, Bali, 80853, Indonesia",-8.2775419,115.5928337
Bali,Kabupaten Karangasem,Antiga,"Antiga, Bali, Indonesia","Antiga, Bali, Indonesia",-8.5152853,115.4894144
Bali,Kabupaten Karangasem,Antiga Kelod,"Antiga Kelod, Bali, Indonesia","Antiga Kelod, Bali, Indonesia",-8.5056583,115.5024256
Bali,Kabupaten Karangasem,Padangbai,"Padangbai, Bali, Indonesia","Padangbai, Bali, Indonesia",-8.5308443,115.5074731
Bali,Kabupaten Karangasem,Sengkidu,"Sengkidu, Bali, Indonesia","Sengkidu, Bali, 80871, Indonesia",-8.499358,115.5508327
Bali,Kabupaten Karangasem,Tenganan,"Tenganan, Bali, Indonesia","Tenganan Pegringsingan, Bali, 80871, Indonesia",-8.4746834,115.5666957
Bali,Kabupaten Karangasem,Ulakan,"Ulakan, Bali, Indonesia","Ulakan, Bali, Indonesia",-8.4993521,115.5065805
Bali,Kabupaten Karangasem,Besakih,"Besakih, Bali, Indonesia","Besakih, Bali, 80863, Indonesia",-8.3770431,115.4489936
Bali,Kabupaten Karangasem,Menanga,"Menanga, Bali, Indonesia","Menanga, Bali, 80863, Indonesia",-8.4102256,115.4209589
Bali,Kabupaten Karangasem,Nongan,"Nongan, Bali, Indonesia","Nongan, Bali, 80864, Indonesia",-8.4492146,115.410803
Bali,Kabupaten Karangasem,Rendang,"Rendang, Bali, Indonesia","Rendang, Bali, 80863, Indonesia",-8.4280442,115.4226635
Bali,Kabupaten Karangasem,Muncan,"Muncan, Bali, Indonesia","Muncan, Bali, 80862, Indonesia",-8.4272492,115.445764
Bali,Kabupaten Karangasem,Sidemen,"Sidemen, Bali, Indonesia","Sidemen, Bali, 80846, Indonesia",-8.4646476,115.4482101
Bali,Kabupaten Karangasem,Tangkup,"Tangkup, Bali, Indonesia","Tangkup, Bali, 80864, Indonesia",-8.4964231,115.4160815
Bali,Kabupaten Klungkung,Banjarangkan,"Banjarangkan, Bali, Indonesia","Banjarangkan, Bali, 80614, Indonesia",-8.5512569,115.3701369
Bali,Kabupaten Klungkung,Negari,"Negari, Bali, Indonesia","Negari, Bali, 80716, Indonesia",-8.5651374,115.3757641
Bali,Kabupaten Klungkung,Takmung,"Takmung, Bali, Indonesia","Takmung, Bali, 80711, Indonesia",-8.565813,115.3877893
Bali,Kabupaten Klungkung,Tihingan,"Tihingan, Bali, Indonesia","Tihingan, Bali, 80711, Indonesia",-8.5360462,115.3855796
Bali,Kabupaten Klungkung,Tohpati,"Tohpati, Bali, Indonesia","Tohpati, Bali, 80613, Indonesia",-8.4718268,115.3775034
Bali,Kabupaten Klungkung,Tusan,"Tusan, Bali, Indonesia","Tusan, Bali, 80614, Indonesia",-8.5404726,115.3659934
Bali,Kabupaten Klungkung,Dawan Klod,"Dawan Klod, Bali, Indonesia","Dawan Klod, Bali, 80711, Indonesia",-8.5416467,115.4428891
Bali,Kabupaten Klungkung,Gunaksa,"Gunaksa, Bali, Indonesia","Gunaksa, Bali, 80711, Indonesia",-8.5498581,115.4287155
Bali,Kabupaten Klungkung,Kampung Kusamba,"Kampung Kusamba, Bali, Indonesia","Kampung Kusamba, Bali, Indonesia",-8.5635867,115.4518505
Bali,Kabupaten Klungkung,Kusamba,"Kusamba, Bali, Indonesia","Kusamba, Bali, Indonesia",-8.5594518,115.4461105
Bali,Kabupaten Klungkung,Paksebali,"Paksebali, Bali, Indonesia","Paksebali, Bali, 80711, Indonesia",-8.5286908,115.4179623
Bali,Kabupaten Klungkung,Pesinggahan,"Pesinggahan, Bali, Indonesia","Pesinggahan, Bali, Indonesia",-8.5476698,115.4659704
Bali,Kabupaten Klungkung,Sampalan Klod,"Sampalan Klod, Bali, Indonesia","Sampalan Klod, Bali, 80711, Indonesia",-8.5436847,115.4161319
Bali,Kabupaten Klungkung,Sampalan Tengah,"Sampalan Tengah, Bali, Indonesia","Sampalan Tengah, Bali, 80711, Indonesia",-8.5389423,115.4166207
Bali,Kabupaten Klungkung,Akah,"Akah, Bali, Indonesia","Akah, Bali, 80711, Indonesia",-8.5141798,115.4002972
Bali,Kabupaten Klungkung,Kamasan,"Kamasan, Bali, Indonesia","Kamasan, Bali, 80711, Indonesia",-8.5491626,115.4084476
Bali,Kabupaten Klungkung,Kampung Gelgel,"Kampung Gelgel, Bali, Indonesia","Kampung Gelgel, Bali, 80711, Indonesia",-8.5549809,115.4109313
Bali,Kabupaten Klungkung,Semarapura Tengah,"Semarapura Tengah, Bali, Indonesia","Semarapura Tengah, Bali, 80711, Indonesia",-8.5312531,115.401445
Bali,Kabupaten Klungkung,Tangkas,"Tangkas, Bali, Indonesia","Tangkas, Bali, 80711, Indonesia",-8.5550757,115.4222046
Bali,Kabupaten Klungkung,Tegak,"Tegak, Bali, Indonesia","Tegak, Bali, 80864, Indonesia",-8.4935368,115.4108596
Bali,Kabupaten Klungkung,Tojan,"Tojan, Bali, Indonesia","Tojan, Bali, 80711, Indonesia",-8.5601784,115.4000723
Bali,Kabupaten Klungkung,Bunga Mekar,"Bunga Mekar, Bali, Indonesia","Bunga Mekar, Bali, Indonesia",-8.7416504,115.4871663
Bali,Kabupaten Klungkung,Kampung Toyapakeh,"Kampung Toyapakeh, Bali, Indonesia","Toyapakeh, Bali, Indonesia",-8.6825225,115.4880228
Bali,Kabupaten Klungkung,Lembongan,"Lembongan, Bali, Indonesia","Lembongan, Bali, Indonesia",-8.6990748,115.4523449
Bali,Kabupaten Klungkung,Ped,"Ped, Bali, Indonesia","Ped, Bali, Indonesia",-8.6905259,115.5185026
Bali,Kabupaten Klungkung,Sakti,"Sakti, Bali, Indonesia","Sakti, Bali, Indonesia",-8.7060094,115.4819099
Bali,Kabupaten Tabanan,Angseri,"Angseri, Bali, Indonesia","Angseri, Baturiti, Kabupaten Tabanan, Bali, 82191, Indonesia",-8.3561667,115.1550463
Bali,Kabupaten Tabanan,Batunya,"Batunya, Bali, Indonesia","Batunya, Bali, 8291, Indonesia",-8.3137721,115.186979
Bali,Kabupaten Tabanan,Baturiti,"Baturiti, Bali, Indonesia","Baturiti, Bali, 82114, Indonesia",-8.5308111,115.0823647
Bali,Kabupaten Tabanan,Candikuning,"Candikuning, Bali, Indonesia","Candikuning, Bali, 81162, Indonesia",-8.2733298,115.1612437
Bali,Kabupaten Tabanan,Perean Kangin,"Perean Kangin, Bali, Indonesia","Perean Kangin, Bali, Indonesia",-8.4215805,115.2069869
Bali,Kabupaten Tabanan,Abian Tuwung,"Abian Tuwung, Bali, Indonesia","Abian Tuwung, Bali, 08351, Indonesia",-8.5538594,115.1551052
Bali,Kabupaten Tabanan,Banjar Anyar,"Banjar Anyar, Bali, Indonesia","Banjar Anyar, Bali, 82114, Indonesia",-8.5380336,115.1474362
Bali,Kabupaten Tabanan,Belalang,"Belalang, Bali, Indonesia","Belalang, desa belalang, Bali, 82121, Indonesia",-8.6007387,115.092914
Bali,Kabupaten Tabanan,Beraban,"Beraban, Bali, Indonesia","Beraban, Bali, 82121, Indonesia",-8.6167538,115.0994335
Bali,Kabupaten Tabanan,Cepaka,"Cepaka, Bali, Indonesia","Cepaka, Bali, 000, Indonesia",-8.599765,115.1489068
Bali,Kabupaten Tabanan,Kediri,"Kediri, Bali, Indonesia","Kediri, Bali, 08351, Indonesia",-8.5644545,115.1320721
Bali,Kabupaten Tabanan,Nyambu,"Nyambu, Bali, Indonesia","Nyambu, Bali, 08351, Indonesia",-8.5811726,115.1397781
Bali,Kabupaten Tabanan,Nyitdah,"Nyitdah, Bali, Indonesia","Nyitdah, Bali, 82121, Indonesia",-8.5806816,115.1159476
Bali,Kabupaten Tabanan,Pandak Bandung,"Pandak Bandung, Bali, Indonesia","Pandak Bandung, Bali, 08351, Indonesia",-8.5771093,115.1340493
Bali,Kabupaten Tabanan,Pandak Gede,"Pandak Gede, Bali, Indonesia","Pandak Gede, Bali, 82121, Indonesia",-8.5934118,115.1181791
Bali,Kabupaten Tabanan,Pangkung Tibah,"Pangkung Tibah, Bali, Indonesia","Pangkung Tibah, Bali, 82121, Indonesia",-8.5979299,115.0808233
Bali,Kabupaten Tabanan,Pejaten,"Pejaten, Bali, Indonesia","Pejaten, Bali, 08351, Indonesia",-8.5742314,115.1082228
Bali,Kabupaten Tabanan,Kesiut,"Kesiut, Bali, Indonesia","Kesiut, Bali, Indonesia",-8.4804463,115.0940295
Bali,Kabupaten Tabanan,Meliling,"Meliling, Bali, Indonesia","Meliling, Bali, 82114, Indonesia",-8.5093562,115.0816648
Bali,Kabupaten Tabanan,Pangkung Karung,"Pangkung Karung, Bali, Indonesia","Pangkung Karung, Bali, 08351, Indonesia",-8.5478283,115.0974875
Bali,Kabupaten Tabanan,Sembung Gede,"Sembung Gede, Bali, Indonesia","Sembung Gede, Bali, 82114, Indonesia",-8.5142918,115.0905136
Bali,Kabupaten Tabanan,Timpag,"Timpag, Bali, Indonesia","Timpag, Bali, Indonesia",-8.4821928,115.0801708
Bali,Kabupaten Tabanan,Baru,"Baru, Bali, Indonesia","Kampung Baru, Bali, 81114, Indonesia",-8.1040689,115.0950501
Bali,Kabupaten Tabanan,Batannyuh,"Batannyuh, Bali, Indonesia","Batannyuh, Bali, Indonesia",-8.4926935,115.1686239
Bali,Kabupaten Tabanan,Marga,"Marga, Bali, Indonesia","Marga, Bali, Indonesia",-8.4720865,115.167254
Bali,Kabupaten Tabanan,Peken,"Peken, Bali, Indonesia","Peken, Bali, 82114, Indonesia",-8.5170937,115.1693182
Bali,Kabupaten Tabanan,Selanbawak,"Selanbawak, Bali, Indonesia","Selanbawak, Bali, 80352, Indonesia",-8.4892714,115.1783053
Bali,Kabupaten Tabanan,Jatiluwih,"Jatiluwih, Bali, Indonesia","Rice Terraces, Jatiluwih Rice Terraces Trail, Gunungsari, Bali, 82152, Indonesia",-8.3703528,115.1312018
Bali,Kabupaten Tabanan,Penatahan,"Penatahan, Bali, Indonesia","Penatahan, Bali, Indonesia",-8.4360313,115.1258584
Bali,Kabupaten Tabanan,Riang Gede,"Riang Gede, Bali, Indonesia","Riang Gede, Bali, Indonesia",-8.4771416,115.1094526
Bali,Kabupaten Tabanan,Wongaya Gede,"Wongaya Gede, Bali, Indonesia","Wongaya Gede, Bali, 80361, Indonesia",-8.3933528,115.1104036
Bali,Kabupaten Tabanan,Belimbing,"Belimbing, Bali, Indonesia","Belimbing, Dangin Puri Kauh, Denpasar Utara, Denpasar, Bali, 80232, Indonesia",-8.6515785,115.2199772
Bali,Kabupaten Tabanan,Pajahan,"Pajahan, Bali, Indonesia","Pajahan, Bali, Indonesia",-8.3544289,115.0015675
Bali,Kabupaten Tabanan,Bantas,"Bantas, Bali, Indonesia","Bantas, Bali, Indonesia",-8.5020984,115.0684468
Bali,Kabupaten Tabanan,Dalang,"Dalang, Bali, Indonesia","Dalang, Bali, Indonesia",-8.4464457,115.0644298
Bali,Kabupaten Tabanan,Antap,"Antap, Bali, Indonesia","Antap, Bali, 80231, Indonesia",-8.5277026,115.0055448
Bali,Kabupaten Tabanan,Bajera,"Bajera, Bali, Indonesia","Bajera, Bali, 82162, Indonesia",-8.5030746,115.0251023
Bali,Kabupaten Tabanan,Selemadeg,"Selemadeg, Bali, Indonesia","Selemadeg, Bali, 82162, Indonesia",-8.4800277,115.0230973
Bali,Kabupaten Tabanan,Serampingan,"Serampingan, Bali, Indonesia","Serampingan, Bali, 82162, Indonesia",-8.5053608,115.0223719
Bali,Kabupaten Tabanan,Dauh Peken,"Dauh Peken, Bali, Indonesia","Dauh Peken, Bali, 08351, Indonesia",-8.5444645,115.1187382
Bali,Kabupaten Tabanan,Gubug,"Gubug, Bali, Indonesia","Gubug, Bali, 08351, Indonesia",-8.5583256,115.095377
